Customer ID,Churn,Prediction,Accuracy
5575-GNVDE,No,No,TRUE
1452-KIOVK,No,Yes,FALSE
9763-GRSKD,No,No,TRUE
3655-SNQYZ,No,No,TRUE
1680-VDCWW,No,No,TRUE
3841-NFECX,No,No,TRUE
4929-XIHVW,No,Yes,FALSE
7310-EGVHZ,No,No,TRUE
6572-ADKRS,No,Yes,FALSE
9867-JCZSP,No,No,TRUE
5948-UJZLF,No,Yes,FALSE
9420-LOJKX,Yes,Yes,TRUE
5067-XJQFU,No,No,TRUE
8627-ZYGSZ,No,No,TRUE
3410-YOQBQ,No,No,TRUE
7410-OIEDU,No,Yes,FALSE
8028-PNXHQ,No,No,TRUE
0191-ZHSKZ,No,Yes,FALSE
9191-MYQKX,Yes,Yes,TRUE
1862-QRWPE,No,No,TRUE
6067-NGCEU,No,No,TRUE
7123-WQUHX,No,No,TRUE
5386-THSLQ,No,No,TRUE
6180-YBIQI,No,Yes,FALSE
2848-YXSMW,No,No,TRUE
5256-SKJGO,No,No,TRUE
8402-OOOHJ,No,No,TRUE
6497-TILVL,No,No,TRUE
2639-UGMAZ,No,No,TRUE
6217-KDYWC,No,No,TRUE
0390-DCFDQ,Yes,Yes,TRUE
4080-OGPJL,Yes,No,FALSE
5716-EZXZN,No,No,TRUE
3780-YVMFA,No,No,TRUE
3077-RSNTJ,No,No,TRUE
7554-NEWDD,No,No,TRUE
6345-FZOQH,No,No,TRUE
5918-VUKWP,No,No,TRUE
1744-JHKYS,No,No,TRUE
2070-FNEXE,Yes,Yes,TRUE
6582-OIVSP,No,Yes,FALSE
4827-USJHP,No,Yes,FALSE
7100-FQPRV,No,No,TRUE
2604-IJPDU,No,No,TRUE
8544-GOQSH,No,Yes,FALSE
7841-TZDMQ,Yes,Yes,TRUE
4195-NZGTA,No,Yes,FALSE
4709-LKHYG,No,No,TRUE
0230-WEQUW,No,No,TRUE
6469-MRVET,No,No,TRUE
6341-JVQGF,No,No,TRUE
3316-UWXUY,No,No,TRUE
9903-LYSAB,No,Yes,FALSE
0303-UNCIP,No,No,TRUE
9947-OTFQU,Yes,Yes,TRUE
0959-WHOKV,No,No,TRUE
3282-ZISZV,No,No,TRUE
4959-JOSRX,Yes,Yes,TRUE
7529-ZDFXI,No,Yes,FALSE
3197-ARFOY,No,Yes,FALSE
4716-HHKQH,No,Yes,FALSE
2080-SRCDE,No,No,TRUE
9577-WJVCQ,No,No,TRUE
6202-DYYFX,No,No,TRUE
3580-REOAC,Yes,Yes,TRUE
1563-IWQEX,No,No,TRUE
2985-JUUBZ,No,No,TRUE
8181-YHCMF,No,No,TRUE
4091-TVOCN,No,No,TRUE
2840-XANRC,Yes,Yes,TRUE
6745-JEFZB,No,Yes,FALSE
9880-TDQAC,No,No,TRUE
4983-CLMLV,No,No,TRUE
9385-EHGDO,No,No,TRUE
2868-SNELZ,Yes,Yes,TRUE
1343-EHPYB,Yes,No,FALSE
0021-IKXGC,No,Yes,FALSE
0623-IIHUG,Yes,Yes,TRUE
4572-DVCGN,Yes,Yes,TRUE
8984-EYLLL,No,No,TRUE
5229-DTFYB,No,No,TRUE
9069-LGEUL,No,No,TRUE
6563-VRERX,No,No,TRUE
7156-MXBJE,No,No,TRUE
6905-NIQIN,Yes,Yes,TRUE
3597-MVHJT,No,Yes,FALSE
9774-NRNAU,No,Yes,FALSE
9967-ATRFS,No,No,TRUE
6599-CEBNN,Yes,Yes,TRUE
0979-PHULV,Yes,No,FALSE
4742-DRORA,No,No,TRUE
4163-NCJAK,No,No,TRUE
5249-QYHEX,No,No,TRUE
2806-MLNTI,No,No,TRUE
8734-DKSTZ,No,Yes,FALSE
6152-ONASV,No,No,TRUE
2957-LOLHO,Yes,Yes,TRUE
5886-VLQVU,No,Yes,FALSE
0206-TBWLC,No,No,TRUE
0732-OCQOC,No,No,TRUE
0256-LTHVJ,Yes,Yes,TRUE
0880-TKATG,Yes,Yes,TRUE
3811-VBYBZ,Yes,Yes,TRUE
2996-XAUVF,No,No,TRUE
4640-UHDOS,Yes,Yes,TRUE
9399-APLBT,Yes,Yes,TRUE
0306-JAELE,Yes,Yes,TRUE
5168-MQQCA,No,No,TRUE
8372-JUXUI,Yes,Yes,TRUE
6235-VDHOM,Yes,Yes,TRUE
7783-YKGDV,Yes,Yes,TRUE
4513-CXYIX,No,No,TRUE
5609-CEBID,Yes,Yes,TRUE
4332-MUOEZ,No,No,TRUE
2475-MROZF,No,No,TRUE
7531-GQHME,No,No,TRUE
0750-EBAIU,No,No,TRUE
9282-IZGQK,Yes,Yes,TRUE
5348-CAGXB,No,Yes,FALSE
5844-QVTAT,No,No,TRUE
2782-LFZVW,No,Yes,FALSE
6986-IJDHX,Yes,Yes,TRUE
3580-HYCSP,No,No,TRUE
5791-KAJFD,No,No,TRUE
7343-EOBEU,No,No,TRUE
7293-LSCDV,No,No,TRUE
7025-WCBNE,No,No,TRUE
4710-FDUIZ,Yes,No,FALSE
8270-RKSAP,No,Yes,FALSE
2865-TCHJW,Yes,Yes,TRUE
4568-KNYWR,No,No,TRUE
5512-IDZEI,No,No,TRUE
5172-MIGPM,No,Yes,FALSE
6516-NKQBO,No,No,TRUE
8672-OAUPW,No,No,TRUE
3419-SNJJD,Yes,No,FALSE
6689-VRRTK,No,No,TRUE
5240-CAOYT,No,No,TRUE
4851-BQDNX,No,No,TRUE
6797-UCJHZ,No,No,TRUE
7665-VIGUD,No,No,TRUE
0970-ETWGE,Yes,Yes,TRUE
4908-XAXAY,No,No,TRUE
1626-ERCMM,Yes,Yes,TRUE
3509-GWQGF,No,Yes,FALSE
4160-AMJTL,Yes,No,FALSE
4464-JCOLN,Yes,No,FALSE
9565-FLVCG,No,No,TRUE
0214-JHPFW,No,No,TRUE
5760-IFJOZ,No,Yes,FALSE
2826-UWHIS,No,Yes,FALSE
7501-IWUNG,No,No,TRUE
1536-HBSWP,No,Yes,FALSE
8262-COGGB,No,No,TRUE
2682-KEVRP,No,No,TRUE
8338-QIUNR,No,No,TRUE
7133-VBDCG,Yes,Yes,TRUE
4312-KFRXN,No,No,TRUE
5575-TPIZQ,No,Yes,FALSE
9944-AEXBM,No,Yes,FALSE
8434-VGEQQ,No,No,TRUE
4950-HKQTE,No,No,TRUE
6439-GTPCA,Yes,Yes,TRUE
7595-EHCDL,No,No,TRUE
6923-JHPMP,No,Yes,FALSE
8224-IVVPA,No,No,TRUE
9477-LGWQI,No,No,TRUE
3115-CZMZD,No,No,TRUE
0030-FNXPP,No,No,TRUE
7379-POKDZ,Yes,Yes,TRUE
5175-WLYXL,No,Yes,FALSE
0236-HFWSV,Yes,Yes,TRUE
7314-OXENN,Yes,Yes,TRUE
4992-LTJNE,No,No,TRUE
2202-OUTMO,No,No,TRUE
0229-LFJAF,No,No,TRUE
9871-ELEYA,No,No,TRUE
3807-XHCJH,No,No,TRUE
8859-AXJZP,No,No,TRUE
2798-NYLMZ,No,No,TRUE
3551-GAEGL,No,No,TRUE
7975-TZMLR,No,No,TRUE
0295-QVKPB,No,Yes,FALSE
2311-QYMUQ,Yes,Yes,TRUE
5337-IIWKZ,No,No,TRUE
9231-ZJYAM,Yes,Yes,TRUE
6092-QZVPP,No,No,TRUE
6549-NNDYT,No,No,TRUE
7408-OFWXJ,No,No,TRUE
3224-DFQNQ,No,No,TRUE
5275-PMFUT,No,No,TRUE
9777-IQHWP,No,No,TRUE
3671-SHRSP,Yes,Yes,TRUE
1937-OTUKY,No,No,TRUE
4713-ZBURT,No,No,TRUE
9342-VNIMQ,No,Yes,FALSE
4661-NJEUX,No,No,TRUE
7997-EASSD,No,No,TRUE
0730-KOAVE,No,Yes,FALSE
0678-RLHVP,No,No,TRUE
9734-YWGEX,Yes,Yes,TRUE
5543-QDCRY,No,Yes,FALSE
1907-UBQFC,Yes,Yes,TRUE
6513-EECDB,Yes,Yes,TRUE
8942-DBMHZ,No,No,TRUE
5146-CBVOE,No,Yes,FALSE
0454-OKRCT,No,No,TRUE
4750-ZRXIU,Yes,Yes,TRUE
6400-BWQKW,Yes,Yes,TRUE
7567-ECMCM,No,Yes,FALSE
6231-WFGFH,No,No,TRUE
8584-KMVXD,No,Yes,FALSE
8388-FYNPZ,No,Yes,FALSE
4541-RMRLG,Yes,No,FALSE
7764-BDPEE,No,No,TRUE
3158-MOERK,Yes,Yes,TRUE
8919-FYFQZ,Yes,Yes,TRUE
6646-QVXLR,Yes,No,FALSE
2483-XSSMZ,No,No,TRUE
3717-OFRTN,No,No,TRUE
9108-EQPNQ,No,No,TRUE
8120-JDCAM,No,Yes,FALSE
8917-FAEMR,No,No,TRUE
2858-EIMXH,No,No,TRUE
6419-ZTTLE,No,No,TRUE
4695-VADHF,Yes,Yes,TRUE
3748-FVMZZ,No,Yes,FALSE
7460-ITWWP,No,Yes,FALSE
4184-TJFAN,Yes,Yes,TRUE
4869-EPIUS,No,No,TRUE
9948-YPTDG,Yes,Yes,TRUE
1915-OAKWD,No,No,TRUE
3524-WQDSG,No,Yes,FALSE
1271-SJBGZ,Yes,Yes,TRUE
5981-ITEMU,Yes,Yes,TRUE
0376-YMCJC,Yes,Yes,TRUE
0634-SZPQA,Yes,Yes,TRUE
2111-DWYHN,No,No,TRUE
4194-WHFCB,No,No,TRUE
4361-BKAXE,Yes,No,FALSE
1751-NCDLI,No,Yes,FALSE
8999-BOHSE,Yes,Yes,TRUE
9036-CSKBW,No,No,TRUE
7439-DKZTW,No,Yes,FALSE
4712-UYOOI,No,No,TRUE
0343-QLUZP,No,No,TRUE
9763-PDTKK,Yes,Yes,TRUE
7627-JKIAZ,Yes,Yes,TRUE
6900-RBKER,No,No,TRUE
4081-DYXAV,Yes,No,FALSE
0927-LCSMG,Yes,Yes,TRUE
8257-RZAHR,Yes,No,FALSE
0831-JNISG,No,No,TRUE
1430-SFQSA,No,No,TRUE
0411-EZJZE,No,Yes,FALSE
8844-TONUD,Yes,Yes,TRUE
8777-PVYGU,No,No,TRUE
5334-JLAXU,No,No,TRUE
9359-UGBTK,No,No,TRUE
4189-NAKJS,No,No,TRUE
0107-WESLM,Yes,No,FALSE
3164-YAXFY,No,No,TRUE
0887-WBJVH,No,No,TRUE
5673-FSSMF,Yes,Yes,TRUE
3916-NRPAP,No,Yes,FALSE
8967-SZQAS,No,Yes,FALSE
5542-NKVRU,No,No,TRUE
9087-EYCPR,No,No,TRUE
8268-YDIXR,No,No,TRUE
7979-CORPM,Yes,Yes,TRUE
2294-DMMUS,No,No,TRUE
3055-MJDSB,No,Yes,FALSE
6581-NQCBA,Yes,No,FALSE
0178-SZBHO,No,No,TRUE
4525-VZCZG,No,No,TRUE
0319-QZTCO,No,No,TRUE
6507-ZJSUR,No,Yes,FALSE
9220-ZNKJI,No,No,TRUE
4030-VPZBD,Yes,Yes,TRUE
0723-VSOBE,No,No,TRUE
4741-WWJQZ,No,Yes,FALSE
1251-STYSZ,No,Yes,FALSE
8780-IHCRN,No,No,TRUE
5095-ETBRJ,No,No,TRUE
9531-NSBMR,No,No,TRUE
3108-PCCGG,No,No,TRUE
7993-PYKOF,Yes,Yes,TRUE
3022-BEXHZ,No,No,TRUE
6198-ZFIOJ,No,Yes,FALSE
3230-IUALN,No,No,TRUE
0201-OAMXR,Yes,No,FALSE
3941-XTSKM,No,No,TRUE
9277-JOOMO,No,No,TRUE
6682-VCIXC,No,No,TRUE
4791-QRGMF,Yes,No,FALSE
3910-MRQOY,No,No,TRUE
0121-SNYRK,No,No,TRUE
1934-SJVJK,Yes,No,FALSE
2017-CCBLH,No,No,TRUE
5469-NUJUR,No,No,TRUE
7073-QETQY,No,No,TRUE
2568-BRGYX,Yes,Yes,TRUE
3084-DOWLE,No,No,TRUE
7721-JXEAW,Yes,No,FALSE
5478-JJVZK,No,No,TRUE
8999-YPYBV,No,No,TRUE
1697-BCSHV,No,No,TRUE
3334-CTHOL,Yes,Yes,TRUE
8621-MNIHH,Yes,Yes,TRUE
3569-EDBPQ,No,Yes,FALSE
3131-NWVFJ,No,No,TRUE
5419-CONWX,Yes,Yes,TRUE
6960-HVYXR,Yes,Yes,TRUE
7024-OHCCK,Yes,Yes,TRUE
5302-BDJNT,No,Yes,FALSE
3498-LZGQZ,No,No,TRUE
7077-XJMET,No,No,TRUE
1571-SAVHK,Yes,Yes,TRUE
9052-VKDUW,No,No,TRUE
1666-JZPZT,No,Yes,FALSE
2480-EJWYP,No,No,TRUE
8445-DNBAE,No,Yes,FALSE
1735-XMJVH,No,No,TRUE
1621-YNCJH,No,No,TRUE
6234-PFPXL,No,No,TRUE
6979-TNDEU,No,No,TRUE
9777-WJJPR,No,Yes,FALSE
7079-QRCBC,Yes,Yes,TRUE
5469-CTCWN,Yes,No,FALSE
9290-SHCMB,No,Yes,FALSE
5208-HFSBT,Yes,Yes,TRUE
8605-ITULD,No,No,TRUE
3128-YOVTD,No,No,TRUE
8819-WFGGJ,No,No,TRUE
7427-AUFPY,No,No,TRUE
1092-GANHU,Yes,Yes,TRUE
0661-XEYAN,Yes,Yes,TRUE
1925-GMVBW,No,No,TRUE
5766-XQXMQ,Yes,No,FALSE
0640-YJTPY,No,No,TRUE
8519-QJGJD,Yes,Yes,TRUE
9798-OPFEM,No,No,TRUE
0330-IVZHA,Yes,Yes,TRUE
5193-QLVZB,No,No,TRUE
4237-RLAQD,Yes,Yes,TRUE
9313-QOLTZ,No,No,TRUE
0637-YLETY,Yes,Yes,TRUE
3223-DWFIO,No,Yes,FALSE
0799-DDIHE,No,Yes,FALSE
1205-WNWPJ,Yes,Yes,TRUE
9391-EOYLI,Yes,Yes,TRUE
2782-JEEBU,No,No,TRUE
4522-XRWWI,No,No,TRUE
7643-RCHXS,No,No,TRUE
6485-QXWWE,No,No,TRUE
5816-JMLGY,No,No,TRUE
7941-RCJOW,No,No,TRUE
3813-DHBBB,No,No,TRUE
2812-REYAT,No,No,TRUE
4939-KYYPY,No,Yes,FALSE
6352-TWCAU,Yes,Yes,TRUE
9504-DSHWM,No,No,TRUE
2439-LYPMQ,No,Yes,FALSE
2988-PLAHS,No,No,TRUE
5980-BDHPY,No,No,TRUE
3049-NDXFL,Yes,Yes,TRUE
8580-AECUZ,Yes,Yes,TRUE
6625-FLENO,No,No,TRUE
4163-KIUHY,No,No,TRUE
2058-DCJBE,Yes,Yes,TRUE
8388-DMKAE,No,No,TRUE
1442-OKRJE,No,No,TRUE
3283-WCWXT,No,No,TRUE
6839-ITVZJ,Yes,No,FALSE
8332-OSJDW,No,No,TRUE
0274-JKUJR,No,No,TRUE
7359-WWYJV,No,No,TRUE
1298-PHBTI,No,No,TRUE
4423-YLHDV,Yes,Yes,TRUE
4854-CIDCF,No,Yes,FALSE
1702-CCFNJ,No,No,TRUE
9060-HJJRW,No,No,TRUE
2587-YNLES,No,No,TRUE
5935-FCCNB,No,Yes,FALSE
8226-BXGES,No,No,TRUE
7511-YMXVQ,Yes,Yes,TRUE
8646-JCOMS,No,No,TRUE
3768-VHXQO,No,No,TRUE
1320-REHCS,No,Yes,FALSE
5848-FHRFC,No,No,TRUE
2243-FNMMI,No,No,TRUE
5356-KZCKT,No,No,TRUE
0409-WTMPL,No,No,TRUE
7279-BUYWN,Yes,Yes,TRUE
5207-PLSTK,No,No,TRUE
5091-HFAZW,No,Yes,FALSE
1568-LJSZU,No,No,TRUE
5377-NDTOU,No,No,TRUE
5922-ABDVO,Yes,Yes,TRUE
0839-QNXME,No,No,TRUE
2178-PMGCJ,No,Yes,FALSE
8966-KZXXA,No,No,TRUE
5149-QYTTU,No,No,TRUE
1927-QEWMY,No,No,TRUE
3536-IQCTX,Yes,Yes,TRUE
7321-KKSDU,No,No,TRUE
3402-XRIUO,No,No,TRUE
8286-AFUYI,No,Yes,FALSE
1349-WXNGG,Yes,No,FALSE
6959-GQEGV,No,No,TRUE
7369-TRPFD,No,No,TRUE
2485-ITVKB,Yes,Yes,TRUE
9359-JANWS,No,No,TRUE
7940-UQQUG,No,No,TRUE
0923-PNFUB,Yes,Yes,TRUE
7010-BRBUU,No,No,TRUE
0973-KYVNF,No,No,TRUE
0463-WZZKO,No,No,TRUE
5832-EXGTT,No,No,TRUE
4547-LYTDD,Yes,Yes,TRUE
3466-WAESX,No,No,TRUE
1951-IEYXM,No,No,TRUE
3318-NMQXL,No,Yes,FALSE
1022-RKXDR,No,No,TRUE
3750-YHRYO,No,No,TRUE
5356-CSVSQ,No,Yes,FALSE
2801-NISEI,No,No,TRUE
7696-CFTAT,No,No,TRUE
2018-QKYGT,No,Yes,FALSE
7243-LCGGZ,No,No,TRUE
8267-KFGYD,No,No,TRUE
9261-WDCAF,No,Yes,FALSE
8229-BUJHX,No,No,TRUE
9614-RMGHA,Yes,No,FALSE
5834-ASPWA,Yes,Yes,TRUE
5882-CMAZQ,No,No,TRUE
3948-XHGNA,Yes,No,FALSE
1024-VRZHF,Yes,Yes,TRUE
4703-MQYKT,No,No,TRUE
5692-ICXLW,No,Yes,FALSE
0348-SDKOL,Yes,No,FALSE
7710-JSYOA,No,No,TRUE
4514-GFCFI,Yes,Yes,TRUE
8000-REIQB,Yes,Yes,TRUE
3977-QCRSL,No,No,TRUE
3074-GQWYX,Yes,Yes,TRUE
1492-QGCLU,No,No,TRUE
7328-OWMOM,No,No,TRUE
1087-GRUYI,No,No,TRUE
5989-PGKJB,No,Yes,FALSE
0308-GIQJT,No,No,TRUE
5349-AZPEW,No,No,TRUE
8309-IEYJD,No,Yes,FALSE
2538-OIMXF,No,Yes,FALSE
8543-MSDMF,No,Yes,FALSE
1170-SASML,No,No,TRUE
6173-ITPWD,Yes,Yes,TRUE
0744-BIKKF,No,No,TRUE
7996-MHXLW,No,No,TRUE
4832-VRBMR,No,No,TRUE
3061-BCKYI,No,No,TRUE
3486-KHMLI,No,No,TRUE
4897-QSUYC,Yes,No,FALSE
8290-YWKHZ,Yes,Yes,TRUE
3933-DQPWX,No,No,TRUE
1057-FOGLZ,No,No,TRUE
4137-BTIKL,No,Yes,FALSE
7206-PQBBZ,No,Yes,FALSE
3521-HTQTV,No,No,TRUE
9779-DPNEJ,No,Yes,FALSE
9805-FILKB,No,No,TRUE
0673-IGUQO,No,No,TRUE
8311-UEUAB,No,No,TRUE
8945-MUQUF,Yes,No,FALSE
8974-OVACP,No,No,TRUE
8160-HOWOX,No,Yes,FALSE
1391-UBDAR,No,Yes,FALSE
4335-UPJSI,No,No,TRUE
0524-IAVZO,Yes,Yes,TRUE
1784-EZDKJ,No,No,TRUE
5159-YFPKQ,Yes,Yes,TRUE
2931-VUVJN,No,No,TRUE
8220-OCUFY,No,No,TRUE
7927-AUXBZ,Yes,Yes,TRUE
1136-XGEQU,No,No,TRUE
5003-XZWWO,No,No,TRUE
3988-RQIXO,Yes,Yes,TRUE
6922-NCEDI,No,No,TRUE
8548-AWOFC,No,No,TRUE
5931-FLJJF,Yes,Yes,TRUE
3207-OYBWH,Yes,Yes,TRUE
5802-ADBRC,No,No,TRUE
0839-JTCUD,No,No,TRUE
3298-QEICA,No,No,TRUE
0788-DXBFY,No,No,TRUE
3496-LFSZU,No,Yes,FALSE
8097-VBQTZ,No,No,TRUE
1393-IMKZG,No,Yes,FALSE
3378-AJRAO,No,No,TRUE
0362-RAOQO,No,No,TRUE
0336-PIKEI,No,No,TRUE
4529-CKBCL,Yes,Yes,TRUE
2506-CLAKW,Yes,Yes,TRUE
1583-IHQZE,Yes,Yes,TRUE
0151-ONTOV,Yes,Yes,TRUE
0320-JDNQG,Yes,No,FALSE
0015-UOCOJ,No,Yes,FALSE
6140-QNRQQ,Yes,Yes,TRUE
4056-QHXHZ,No,No,TRUE
6670-MFRPK,No,No,TRUE
6177-PEVRA,No,No,TRUE
4813-HQMGZ,No,Yes,FALSE
4947-DSMXK,No,Yes,FALSE
4967-WPNCF,No,No,TRUE
8197-BFWVU,No,No,TRUE
7928-VJYAB,No,Yes,FALSE
3097-PYWXL,No,No,TRUE
9121-PHQSR,No,Yes,FALSE
3113-IWHLC,No,Yes,FALSE
4612-THJBS,Yes,No,FALSE
4304-TSPVK,No,No,TRUE
0020-INWCK,No,No,TRUE
8739-XNIKG,No,Yes,FALSE
5067-WJEUN,No,No,TRUE
5103-MHMHY,Yes,Yes,TRUE
6993-YGFJV,No,No,TRUE
2712-SYWAY,No,No,TRUE
5498-IBWPI,No,No,TRUE
9308-ANMVE,No,No,TRUE
6114-TCFID,No,No,TRUE
1247-QBVSH,No,No,TRUE
7318-EIVKO,No,Yes,FALSE
3722-WPXTK,Yes,Yes,TRUE
7548-SEPYI,Yes,Yes,TRUE
8835-VSDSE,Yes,Yes,TRUE
3275-RHRNE,No,No,TRUE
7021-XSNYE,No,No,TRUE
0141-YEAYS,No,Yes,FALSE
9603-OAIHC,No,Yes,FALSE
7854-FOKSF,Yes,Yes,TRUE
8314-DPQHL,No,No,TRUE
2205-YMZZJ,Yes,Yes,TRUE
9802-CAQUT,No,No,TRUE
0187-WZNAB,No,Yes,FALSE
1357-MVDOZ,No,No,TRUE
5406-KGRMX,No,No,TRUE
7516-GMHUV,No,No,TRUE
7994-UYIVZ,No,Yes,FALSE
4716-MRVEN,No,No,TRUE
7878-JGDKK,No,Yes,FALSE
1088-AUUZZ,No,No,TRUE
6614-YWYSC,No,No,TRUE
9921-ZVRHG,Yes,Yes,TRUE
7641-TQFHN,No,No,TRUE
1596-BBVTG,Yes,Yes,TRUE
6061-GWWAV,No,No,TRUE
1776-SPBWV,No,No,TRUE
8922-LIEGH,Yes,Yes,TRUE
8869-LIHMK,No,No,TRUE
5186-SAMNZ,Yes,Yes,TRUE
5373-SFODM,Yes,Yes,TRUE
5766-ZJYBB,Yes,No,FALSE
0722-SVSFK,No,Yes,FALSE
2000-DHJUY,No,No,TRUE
0739-UUAJR,No,No,TRUE
8129-GMVGI,No,No,TRUE
2882-DDZPG,No,No,TRUE
9137-NOQKA,No,No,TRUE
4061-UKJWL,No,Yes,FALSE
0277-ORXQS,No,No,TRUE
3227-WLKLI,No,No,TRUE
8216-AZUUZ,No,No,TRUE
4910-GMJOT,Yes,Yes,TRUE
1051-EQPZR,No,No,TRUE
5849-ASHZJ,No,No,TRUE
7576-OYWBN,Yes,Yes,TRUE
0962-CQPWQ,No,No,TRUE
8325-QRPZR,No,Yes,FALSE
1135-HIORI,No,No,TRUE
5539-TMZLF,Yes,Yes,TRUE
0137-OCGAB,Yes,Yes,TRUE
5315-CKEQK,No,No,TRUE
3130-ICDUP,No,Yes,FALSE
0880-FVFWF,No,No,TRUE
5028-GZLDO,Yes,Yes,TRUE
6877-TJMBR,Yes,Yes,TRUE
6769-DCQLI,Yes,No,FALSE
3550-SAHFP,Yes,Yes,TRUE
3027-YNWZU,No,No,TRUE
7473-ZBDSN,No,No,TRUE
3166-PNEOF,No,No,TRUE
8780-YRMTT,No,No,TRUE
8166-ORCHU,No,No,TRUE
4531-AUZNK,No,No,TRUE
1855-CFULU,No,No,TRUE
7341-LXCAF,Yes,Yes,TRUE
5781-BKHOP,No,No,TRUE
2466-NEJOJ,No,No,TRUE
0254-KCJGT,No,No,TRUE
6461-SZMCV,No,No,TRUE
1697-LYYYX,No,No,TRUE
7598-UAASY,Yes,Yes,TRUE
3594-BDSOA,No,No,TRUE
0484-JPBRU,No,No,TRUE
8225-BTJAU,Yes,Yes,TRUE
1169-SAOCL,No,No,TRUE
1110-KYLGQ,No,No,TRUE
3518-PZXZQ,No,Yes,FALSE
5074-FBGHB,No,No,TRUE
3948-KXDUF,No,No,TRUE
5480-XTFFL,No,No,TRUE
7909-FIOIY,No,No,TRUE
0197-PNKNK,No,No,TRUE
1229-RCALF,No,No,TRUE
3572-UOLYZ,No,No,TRUE
5577-OTWWW,Yes,No,FALSE
2770-NSVDG,No,Yes,FALSE
6599-GZWCM,No,No,TRUE
7037-MTYVW,No,No,TRUE
9838-BFCQT,No,No,TRUE
3904-UKFRE,No,Yes,FALSE
3001-CBHLQ,Yes,Yes,TRUE
1985-MBRYP,No,No,TRUE
9372-TXXPS,No,No,TRUE
4360-QRAVE,No,Yes,FALSE
7599-NTMDP,No,No,TRUE
4831-EOBFE,Yes,No,FALSE
4884-LEVMQ,No,No,TRUE
3999-QGRJH,Yes,Yes,TRUE
3097-FQTVJ,No,No,TRUE
5465-BUBFA,No,No,TRUE
9743-DQKQW,No,Yes,FALSE
9093-FPDLG,No,Yes,FALSE
2277-DJJDL,No,No,TRUE
4644-PIZRT,No,No,TRUE
6963-EZQEE,No,No,TRUE
3617-XLSGQ,No,No,TRUE
8347-GDTMP,No,No,TRUE
9992-RRAMN,Yes,Yes,TRUE
0310-MVLET,Yes,No,FALSE
4003-OCTMP,No,No,TRUE
3170-GWYKC,No,No,TRUE
1732-VHUBQ,Yes,Yes,TRUE
7446-SFAOA,No,No,TRUE
7765-LWVVH,No,No,TRUE
5622-UEJFI,No,No,TRUE
9747-DDZOS,Yes,Yes,TRUE
6203-HBZPA,No,No,TRUE
2181-TIDSV,No,No,TRUE
3348-CFRNX,Yes,Yes,TRUE
0106-UGRDO,No,No,TRUE
8059-UDZFY,No,Yes,FALSE
5312-IRCFR,No,No,TRUE
3404-JNXAX,No,No,TRUE
5131-PONJI,No,No,TRUE
3489-VSFRD,No,No,TRUE
2249-YPRNG,Yes,Yes,TRUE
2576-HXMPA,No,No,TRUE
3237-AJGEH,Yes,No,FALSE
7663-CUXZB,No,No,TRUE
0596-BQCEQ,Yes,No,FALSE
5266-PFRQK,No,No,TRUE
4674-HGNUA,No,No,TRUE
9786-IJYDL,No,No,TRUE
3308-MHOOC,No,No,TRUE
8046-DNVTL,No,No,TRUE
4770-UEZOX,No,Yes,FALSE
2640-PMGFL,Yes,Yes,TRUE
8896-BQTTI,No,No,TRUE
4176-RELJR,No,No,TRUE
6214-EDAKZ,Yes,No,FALSE
6377-KSLXC,No,No,TRUE
6651-RLGGM,No,No,TRUE
1761-AEZZR,Yes,Yes,TRUE
7120-RFMVS,Yes,Yes,TRUE
5456-ITGIC,No,No,TRUE
9114-AAFQH,No,No,TRUE
6465-GSRCL,No,No,TRUE
0617-FHSGK,Yes,Yes,TRUE
7319-ZNRTR,No,No,TRUE
8118-LSUEL,Yes,Yes,TRUE
5652-MSDEY,No,Yes,FALSE
7351-MHQVU,No,No,TRUE
5569-IDSEY,No,No,TRUE
6376-GAHQE,Yes,Yes,TRUE
2386-LAHRK,Yes,Yes,TRUE
8189-DUKMV,No,No,TRUE
9931-DCEZH,No,No,TRUE
2410-CIYFZ,No,No,TRUE
0516-WJVXC,Yes,No,FALSE
2817-LVCPP,No,No,TRUE
8809-RIHDD,Yes,No,FALSE
9844-FELAJ,No,No,TRUE
9754-CLVZW,No,No,TRUE
1432-FPAXX,Yes,Yes,TRUE
7080-TNUWP,No,No,TRUE
3181-VTHOE,No,No,TRUE
5077-DXTCG,Yes,Yes,TRUE
4892-VLANZ,Yes,No,FALSE
8903-WMRNW,No,Yes,FALSE
9099-FTUHS,No,Yes,FALSE
6429-SHBCB,No,Yes,FALSE
9281-OFDMF,No,Yes,FALSE
1834-WULEG,No,No,TRUE
4578-PHJYZ,No,No,TRUE
6968-MHOMU,No,No,TRUE
2834-SPCJV,Yes,No,FALSE
7890-VYYWG,Yes,Yes,TRUE
5384-ZTTWP,No,No,TRUE
8564-LDKFL,No,No,TRUE
3696-DFHHB,No,No,TRUE
4717-GHADL,No,No,TRUE
3810-DVDQQ,No,No,TRUE
9055-MOJJJ,No,No,TRUE
0549-CYCQN,No,No,TRUE
3896-ZVNET,No,No,TRUE
4931-TRZWN,No,Yes,FALSE
8173-RXAYP,No,No,TRUE
4825-XJGDM,No,No,TRUE
6734-JDTTV,No,No,TRUE
3148-BLQJT,Yes,No,FALSE
8806-EAGWC,Yes,Yes,TRUE
6924-TDGMT,No,No,TRUE
4827-LTQRJ,No,No,TRUE
2378-YIZKA,No,No,TRUE
4132-KALRO,No,Yes,FALSE
3902-FOIGH,Yes,Yes,TRUE
7112-OPOTK,Yes,Yes,TRUE
4323-ELYYB,No,No,TRUE
0330-BGYZE,No,No,TRUE
3318-OSATS,Yes,Yes,TRUE
9143-CANJF,No,No,TRUE
9194-GFVOI,No,No,TRUE
9643-AVVWI,No,Yes,FALSE
0253-ZTEOB,No,No,TRUE
6061-PQHMK,No,No,TRUE
4232-JGKIY,No,No,TRUE
5016-ETTFF,Yes,Yes,TRUE
8058-JMEQO,Yes,Yes,TRUE
9494-BDNNC,No,No,TRUE
4573-JKNAE,No,No,TRUE
0384-LPITE,No,No,TRUE
4616-EWBNJ,No,No,TRUE
1335-HQMKX,No,No,TRUE
0897-FEGMU,Yes,Yes,TRUE
7029-IJEJK,No,No,TRUE
5447-VYTKW,No,No,TRUE
3474-BAFSJ,No,No,TRUE
4680-KUTAJ,No,Yes,FALSE
5766-FTRTS,No,No,TRUE
0396-HUJBP,No,No,TRUE
8879-ZKJOF,No,No,TRUE
7526-BEZQB,Yes,Yes,TRUE
0621-TSSMU,No,No,TRUE
9052-DHNKM,No,No,TRUE
8434-PNQZX,No,No,TRUE
0744-GKNGE,No,No,TRUE
4837-PZTIC,No,No,TRUE
1625-JAIIY,Yes,No,FALSE
3272-VUHPV,No,No,TRUE
6719-FGEDO,No,No,TRUE
4510-HIMLV,Yes,Yes,TRUE
9391-LMANN,No,No,TRUE
4450-DLLMH,No,Yes,FALSE
4086-ATNFV,No,No,TRUE
0100-DUVFC,No,No,TRUE
5397-TUPSH,No,No,TRUE
0326-VDYXE,No,No,TRUE
8566-YPRGL,No,No,TRUE
3834-XUIFC,Yes,Yes,TRUE
9430-NKQLY,No,No,TRUE
1293-HHSHJ,No,No,TRUE
7801-KICAO,No,Yes,FALSE
2558-BUOZZ,No,No,TRUE
9257-AZMTZ,No,No,TRUE
0975-UYDTX,No,No,TRUE
5968-VXZLG,No,Yes,FALSE
7730-IUTDZ,Yes,Yes,TRUE
6738-ISCBM,No,No,TRUE
4558-CGYCZ,No,No,TRUE
4063-EIKNQ,No,No,TRUE
0969-RGKCU,No,No,TRUE
0378-CJKPV,No,No,TRUE
5889-JTMUL,Yes,Yes,TRUE
2880-FPNAE,No,Yes,FALSE
2165-VOEGB,Yes,No,FALSE
9028-LIHRP,No,No,TRUE
0853-TWRVK,No,No,TRUE
6897-RWMUB,No,No,TRUE
8417-GSODA,No,No,TRUE
5171-EPLKN,No,No,TRUE
5998-VVEJY,Yes,Yes,TRUE
4317-VTEOA,Yes,Yes,TRUE
6696-YDAYZ,No,No,TRUE
4634-JLRJT,No,No,TRUE
6080-TCMYC,No,Yes,FALSE
5913-INRQV,No,No,TRUE
9026-LHEVG,No,Yes,FALSE
2260-USTRB,Yes,Yes,TRUE
7011-CVEUC,No,Yes,FALSE
1552-CZCLL,No,No,TRUE
2623-DRYAM,No,No,TRUE
2612-RANWT,Yes,Yes,TRUE
6900-PXRMS,Yes,Yes,TRUE
2933-FILNV,Yes,No,FALSE
9986-BONCE,Yes,No,FALSE
2722-JMONI,Yes,Yes,TRUE
3878-AVSOQ,No,Yes,FALSE
4083-EUGRJ,Yes,No,FALSE
2107-FBPTK,No,Yes,FALSE
9738-QLWTP,No,No,TRUE
2900-PHPLN,No,No,TRUE
8450-LUGUK,No,No,TRUE
3194-ORPIK,Yes,Yes,TRUE
7826-VVKWT,No,No,TRUE
2587-EKXTS,No,No,TRUE
1723-HKXJQ,Yes,Yes,TRUE
6473-ULUHT,No,No,TRUE
3716-BDVDB,Yes,Yes,TRUE
6849-OYAMU,Yes,No,FALSE
7032-LMBHI,No,No,TRUE
4818-QIUFN,Yes,Yes,TRUE
9483-GCPWE,No,No,TRUE
9220-CXRSC,No,No,TRUE
2103-ZRXFN,No,Yes,FALSE
7306-YDSOI,No,No,TRUE
8468-EHYJA,No,No,TRUE
7010-ZMVBF,No,No,TRUE
3635-QQRQD,No,No,TRUE
4950-BDEUX,No,Yes,FALSE
5789-LDFXO,No,No,TRUE
2984-TBYKU,No,No,TRUE
2645-QTLMB,Yes,Yes,TRUE
4415-WNGVR,No,No,TRUE
7096-UCLNH,No,No,TRUE
7479-NITWS,Yes,Yes,TRUE
1814-DKOLC,No,No,TRUE
1309-XGFSN,No,No,TRUE
1866-RZZQS,Yes,Yes,TRUE
4742-TXUEX,No,No,TRUE
8873-TMKGR,No,No,TRUE
0064-YIJGF,No,Yes,FALSE
6598-RFFVI,Yes,No,FALSE
1508-DFXCU,No,Yes,FALSE
5914-DVBWJ,Yes,Yes,TRUE
2903-YYTBW,No,Yes,FALSE
3620-MWJNE,No,No,TRUE
6837-HAEVO,No,No,TRUE
9504-YAZWB,No,No,TRUE
6137-NICCO,No,Yes,FALSE
3213-VVOLG,No,No,TRUE
6946-LMSQS,Yes,No,FALSE
3932-CMDTD,Yes,No,FALSE
1767-TGTKO,No,Yes,FALSE
8439-LTUGF,No,No,TRUE
5089-IFSDP,Yes,No,FALSE
7128-GGCNO,No,Yes,FALSE
0840-DCNZE,No,No,TRUE
5854-KSRBJ,No,No,TRUE
4922-CVPDX,No,No,TRUE
7340-KEFQE,No,No,TRUE
9348-YVOMK,No,Yes,FALSE
8104-OSKWT,No,Yes,FALSE
4090-KPJIP,No,Yes,FALSE
2592-HODOV,No,No,TRUE
5989-AXPUC,No,No,TRUE
2332-TODQS,No,No,TRUE
5206-XZZQI,No,No,TRUE
1093-YSWCA,No,No,TRUE
6319-IEJWJ,Yes,Yes,TRUE
9025-AOMKI,Yes,Yes,TRUE
7964-YESJC,No,No,TRUE
9938-ZREHM,No,No,TRUE
8849-PRIQJ,No,No,TRUE
1729-VLAZJ,No,No,TRUE
8945-GRKHX,Yes,Yes,TRUE
3815-SLMEF,Yes,No,FALSE
7225-CBZPL,No,Yes,FALSE
6704-UTUKK,No,Yes,FALSE
2019-HDCZY,No,No,TRUE
7421-ZLUPA,No,Yes,FALSE
8915-NNTRC,No,No,TRUE
2541-YGPKE,No,No,TRUE
2860-RANUS,Yes,Yes,TRUE
1200-TUZHR,No,Yes,FALSE
6986-IXNDM,No,Yes,FALSE
1731-TVIUK,Yes,Yes,TRUE
9769-TSBZE,No,No,TRUE
6023-GSSXW,No,No,TRUE
9823-EALYC,No,No,TRUE
2607-DHDAK,No,No,TRUE
8143-ETQTI,No,No,TRUE
9473-CBZOP,No,No,TRUE
0266-GMEAO,No,No,TRUE
5590-YRFJT,Yes,Yes,TRUE
0019-GFNTW,No,No,TRUE
5196-WPYOW,No,No,TRUE
2525-GVKQU,No,No,TRUE
5404-GGUKR,No,Yes,FALSE
2434-EEVDB,No,No,TRUE
7446-YPODE,No,Yes,FALSE
1915-IOFGU,Yes,Yes,TRUE
3045-XETSH,Yes,Yes,TRUE
7239-HZZCX,Yes,No,FALSE
9938-TKDGL,No,No,TRUE
0946-CLJTI,Yes,Yes,TRUE
0628-CNQRM,Yes,No,FALSE
0324-BRPCJ,Yes,Yes,TRUE
4282-YMKNA,Yes,Yes,TRUE
5356-RHIPP,Yes,No,FALSE
6624-JDRDS,No,No,TRUE
9780-FKVVF,No,Yes,FALSE
5055-BRMNE,No,No,TRUE
5208-FVQKB,No,No,TRUE
1574-DYCWE,No,No,TRUE
6016-NXBNJ,No,No,TRUE
2716-GFZOR,No,Yes,FALSE
3005-TYFRD,No,Yes,FALSE
8670-MEFCP,No,No,TRUE
7777-UNYHB,No,No,TRUE
8450-UYIBU,No,Yes,FALSE
9821-POOTN,Yes,Yes,TRUE
0187-QSXOE,No,Yes,FALSE
6904-JLBGY,No,No,TRUE
4223-WOZCM,No,Yes,FALSE
0906-QVPMS,No,No,TRUE
9025-ZRPVR,Yes,No,FALSE
7858-GTZSP,No,Yes,FALSE
3470-BTGQO,No,Yes,FALSE
4902-OHLSK,Yes,Yes,TRUE
7572-KPVKK,No,No,TRUE
2027-WKXMW,No,No,TRUE
5934-RMPOV,No,Yes,FALSE
0017-IUDMW,No,No,TRUE
8706-HRADD,No,No,TRUE
4385-ZKVNW,No,No,TRUE
3683-QKIUE,Yes,Yes,TRUE
9027-YFHQJ,No,No,TRUE
6480-YAGIY,No,No,TRUE
5457-COLHT,No,No,TRUE
4664-NJCMS,No,No,TRUE
6124-ACRHJ,No,No,TRUE
9362-MWODR,No,No,TRUE
9625-RZFUK,No,No,TRUE
7919-ZODZZ,No,No,TRUE
2683-BPJSO,Yes,Yes,TRUE
9360-AHGNL,Yes,No,FALSE
2121-JAFOM,No,No,TRUE
9170-CCKOU,Yes,Yes,TRUE
6821-JPCDC,No,No,TRUE
8815-LMFLX,No,No,TRUE
8582-KRHPJ,No,No,TRUE
1506-YJTYT,No,No,TRUE
7734-DBOAI,Yes,No,FALSE
7596-LDUXP,No,No,TRUE
2186-QZEYA,No,Yes,FALSE
0559-CKHUS,No,No,TRUE
4597-NUCQV,Yes,Yes,TRUE
9019-QVLZD,Yes,Yes,TRUE
5808-TOTXO,No,No,TRUE
5599-HVLTW,No,Yes,FALSE
1455-ESIQH,Yes,Yes,TRUE
4013-TLDHQ,Yes,Yes,TRUE
9208-OLGAQ,No,Yes,FALSE
3754-DXMRT,Yes,Yes,TRUE
1518-OMDIK,No,Yes,FALSE
6671-NGWON,No,No,TRUE
6996-KNSML,Yes,Yes,TRUE
7998-ZLXWN,No,No,TRUE
8430-TWCBX,No,No,TRUE
0537-QYZZN,No,Yes,FALSE
3372-CDXFJ,No,No,TRUE
8212-CRQXP,No,Yes,FALSE
3400-ESFUW,Yes,No,FALSE
5868-YTYKS,No,No,TRUE
1482-OXZSY,No,Yes,FALSE
2057-ZBLPD,Yes,Yes,TRUE
4915-BFSXL,No,No,TRUE
9039-RBEEE,Yes,No,FALSE
1850-AKQEP,No,No,TRUE
1792-UXAFY,Yes,Yes,TRUE
6874-SGLHU,No,No,TRUE
5951-AOFIH,No,Yes,FALSE
3059-NGMXB,No,No,TRUE
3486-HOOGQ,No,No,TRUE
0577-WHMEV,No,Yes,FALSE
2263-SFSQZ,No,No,TRUE
2672-OJQZP,No,Yes,FALSE
2001-EWBQU,No,No,TRUE
2037-SGXHH,Yes,Yes,TRUE
3178-FESZO,Yes,Yes,TRUE
0082-OQIQY,No,Yes,FALSE
3606-SBKRY,No,No,TRUE
8242-JSVBO,No,Yes,FALSE
1139-WUOAH,No,No,TRUE
5075-JSDKI,No,No,TRUE
7975-JMZNT,No,No,TRUE
0225-ZORZP,No,Yes,FALSE
4702-IOQDC,Yes,Yes,TRUE
0575-CUQOV,No,No,TRUE
5006-MXVRN,No,No,TRUE
5329-KRDTM,No,No,TRUE
6368-NWMCE,No,No,TRUE
9274-UARKJ,No,Yes,FALSE
8671-KKKOS,No,No,TRUE
1945-XISKS,No,No,TRUE
4910-AQFFX,Yes,Yes,TRUE
5360-LJCNJ,No,No,TRUE
1100-DDVRV,No,Yes,FALSE
9029-FEGVJ,No,Yes,FALSE
5520-FVEWJ,Yes,Yes,TRUE
5827-MWCZK,No,No,TRUE
5944-UGLLK,No,No,TRUE
8375-KVTHK,No,No,TRUE
2697-NQBPF,No,Yes,FALSE
7639-SUPCW,Yes,Yes,TRUE
6855-VLGOS,No,No,TRUE
7766-CLTIC,No,Yes,FALSE
6122-LJADA,No,No,TRUE
5201-USSQZ,No,Yes,FALSE
9256-JTBNZ,No,No,TRUE
1240-HCBOH,No,No,TRUE
3594-KADLU,No,No,TRUE
3796-ENZGF,No,No,TRUE
2519-TWKFS,No,No,TRUE
4732-RRJZC,No,No,TRUE
6350-XFYGW,No,Yes,FALSE
8755-IWJHN,No,Yes,FALSE
6112-KTHFQ,No,No,TRUE
7817-BOQPW,Yes,Yes,TRUE
7402-EYFXX,No,Yes,FALSE
9895-VFOXH,No,Yes,FALSE
5219-YIPTK,Yes,Yes,TRUE
6509-TSGWN,No,No,TRUE
4530-NDRKU,No,No,TRUE
6616-AALSR,No,No,TRUE
3884-UEBXB,No,No,TRUE
0980-FEXWF,No,No,TRUE
7486-KSRVI,Yes,No,FALSE
8443-WVPSS,Yes,Yes,TRUE
9965-YOKZB,Yes,Yes,TRUE
8024-XNAFQ,No,No,TRUE
7036-ZZKBD,No,No,TRUE
9509-MPYOD,No,No,TRUE
5956-YHHRX,No,Yes,FALSE
7816-VGHTO,No,No,TRUE
5871-DGTXZ,No,No,TRUE
7544-ZVIKX,No,No,TRUE
9356-AXGMP,No,No,TRUE
7581-EBBOU,No,No,TRUE
2192-CKRLV,No,No,TRUE
8748-HFWBO,No,No,TRUE
9298-WGMRW,No,No,TRUE
0637-KVDLV,Yes,Yes,TRUE
8884-FEEWR,No,No,TRUE
6633-MPWBS,Yes,Yes,TRUE
5729-KLZAR,Yes,Yes,TRUE
3646-ITDGM,No,No,TRUE
7594-LZNWR,No,Yes,FALSE
1064-FBXNK,No,No,TRUE
8627-EHGIP,Yes,No,FALSE
6175-IRFIT,No,Yes,FALSE
8760-ZRHKE,No,No,TRUE
8854-CCVSQ,Yes,Yes,TRUE
0511-JTEOY,Yes,Yes,TRUE
0366-NQSHS,No,No,TRUE
4948-WBBKL,No,Yes,FALSE
3717-LNXKW,No,Yes,FALSE
7814-LEEVE,No,No,TRUE
8348-JLBUG,No,No,TRUE
0607-DAAHE,Yes,No,FALSE
9200-NLNPD,No,No,TRUE
0921-OHLVP,No,Yes,FALSE
0536-ESJEP,No,No,TRUE
6857-TKDJV,No,No,TRUE
3070-DVEYC,Yes,Yes,TRUE
0056-EPFBG,No,No,TRUE
1337-BOZWO,No,No,TRUE
0868-VJRDR,No,No,TRUE
6344-SFJVH,No,Yes,FALSE
6941-KXRRV,No,No,TRUE
3688-FTHLT,No,Yes,FALSE
5825-XJOCM,No,No,TRUE
2302-ANTDP,Yes,No,FALSE
2305-MRGLV,No,Yes,FALSE
3162-ZJZFU,No,No,TRUE
8404-GFGCZ,No,Yes,FALSE
4432-ADRLB,Yes,Yes,TRUE
2533-TIBIX,No,No,TRUE
5092-STPKP,No,No,TRUE
8639-NHQEI,No,No,TRUE
8565-WUXZU,No,No,TRUE
6040-CGACY,No,No,TRUE
0440-EKDCF,No,No,TRUE
4774-HHGGS,No,No,TRUE
2055-BFOCC,No,No,TRUE
9842-EFSYY,No,No,TRUE
6413-XKKPU,Yes,Yes,TRUE
2626-URJFX,Yes,Yes,TRUE
4735-ASGMA,Yes,Yes,TRUE
1627-AFWVJ,No,No,TRUE
7088-FBAWU,No,No,TRUE
8313-AFGBW,No,No,TRUE
9239-ZBZZV,Yes,Yes,TRUE
2303-PJYHN,No,No,TRUE
4430-UZIPO,Yes,No,FALSE
4855-SNKMY,Yes,Yes,TRUE
1862-SKORY,Yes,Yes,TRUE
0909-SDHNU,No,No,TRUE
8920-NAVAY,No,No,TRUE
1699-TLDLZ,No,No,TRUE
8292-TYSPY,Yes,Yes,TRUE
2359-QWQUL,Yes,No,FALSE
3654-ARMGP,No,No,TRUE
3528-HFRIQ,No,No,TRUE
3320-VEOYC,No,Yes,FALSE
7326-RIGQZ,No,Yes,FALSE
9758-MFWGD,No,No,TRUE
3955-JBZZM,No,Yes,FALSE
8943-URTMR,Yes,Yes,TRUE
4092-OFQZS,No,No,TRUE
7252-NTGSS,No,Yes,FALSE
7762-URZQH,Yes,No,FALSE
6925-BAYGL,No,No,TRUE
4135-FRWKJ,No,No,TRUE
4628-WQCQQ,Yes,No,FALSE
1746-TGTWV,No,Yes,FALSE
8050-WYBND,No,No,TRUE
8314-HTWVE,No,No,TRUE
8779-YIQQA,No,No,TRUE
3705-PSNGL,Yes,No,FALSE
2606-RMDHZ,Yes,Yes,TRUE
8547-NSBBO,No,No,TRUE
8878-RYUKI,No,Yes,FALSE
9633-DENPU,No,No,TRUE
7113-HIPFI,No,No,TRUE
9258-CNWAC,No,No,TRUE
7621-VPNET,No,Yes,FALSE
4353-HYOJD,No,No,TRUE
8199-ZLLSA,Yes,No,FALSE
6892-XPFPU,Yes,Yes,TRUE
6408-OTUBZ,No,No,TRUE
5204-HMGYF,No,No,TRUE
3727-OVPRY,No,No,TRUE
3970-XGJDU,No,No,TRUE
9874-QLCLH,Yes,Yes,TRUE
8092-NLTGF,No,No,TRUE
3472-OAOOR,No,No,TRUE
7105-BENQF,No,No,TRUE
4350-ZTLPI,No,No,TRUE
9048-JVYVF,Yes,Yes,TRUE
5727-MYATE,No,No,TRUE
3021-VLNRJ,No,No,TRUE
3001-UNBTL,No,Yes,FALSE
1902-XBTFB,Yes,Yes,TRUE
7245-JMTTQ,No,No,TRUE
0365-TRTPY,No,Yes,FALSE
2983-ZANRP,Yes,Yes,TRUE
7845-URHJN,Yes,No,FALSE
5018-HEKFO,No,No,TRUE
5336-UFNZP,No,No,TRUE
8044-BGWPI,No,No,TRUE
5887-IKKYO,No,No,TRUE
4299-SIMNS,No,Yes,FALSE
7753-USQYQ,No,No,TRUE
3338-CVVEH,No,Yes,FALSE
8485-GJCDN,Yes,Yes,TRUE
2851-STERV,No,No,TRUE
6029-WTIPC,Yes,Yes,TRUE
4560-WQAQW,No,No,TRUE
2027-DNKIV,No,No,TRUE
6507-DTJZV,No,Yes,FALSE
0345-HKJVM,Yes,Yes,TRUE
3235-ETOOB,Yes,Yes,TRUE
9708-KFDBY,No,No,TRUE
3642-GKTCT,No,No,TRUE
2242-MFOTG,No,No,TRUE
5647-FXOTP,No,Yes,FALSE
9700-ISPUP,No,No,TRUE
1941-HOSAM,No,Yes,FALSE
1935-IMVBB,No,Yes,FALSE
8731-WBBMB,No,No,TRUE
1448-CYWKC,No,No,TRUE
2690-DVRVK,No,No,TRUE
2894-QOJRX,Yes,Yes,TRUE
6386-SZZKH,Yes,No,FALSE
2580-ASVVY,No,No,TRUE
4254-QPEDE,No,No,TRUE
5375-XLDOF,No,No,TRUE
6082-GLJIX,No,No,TRUE
5143-EGQFK,Yes,Yes,TRUE
2495-TTHBQ,No,No,TRUE
0847-HGRML,No,No,TRUE
0112-QAWRZ,No,Yes,FALSE
8065-YKXKD,Yes,Yes,TRUE
6284-KMNUF,No,No,TRUE
0843-WTBXE,Yes,Yes,TRUE
5118-MUEYH,No,No,TRUE
9095-HFAFX,Yes,Yes,TRUE
2379-ENZGV,Yes,Yes,TRUE
5124-EOGYE,No,No,TRUE
9715-WZCLW,No,No,TRUE
4049-ZPALD,No,No,TRUE
1310-QRITU,No,Yes,FALSE
2300-RQGOI,No,No,TRUE
6331-LWDTQ,Yes,Yes,TRUE
5995-WWKKG,No,No,TRUE
7879-CGSFV,No,No,TRUE
7000-WCEVQ,Yes,Yes,TRUE
2481-SBOYW,No,No,TRUE
6141-OOXUQ,Yes,No,FALSE
1696-HXOWK,No,No,TRUE
9496-IVVRP,No,No,TRUE
0221-NAUXK,No,No,TRUE
9770-KXGQU,No,No,TRUE
6538-POCHL,No,Yes,FALSE
1208-NBVFH,No,No,TRUE
3374-TTZTK,No,No,TRUE
6289-CPNLD,Yes,No,FALSE
5519-TEEUH,No,No,TRUE
0196-VULGZ,Yes,Yes,TRUE
3755-JBMNH,Yes,Yes,TRUE
1757-TCATG,No,No,TRUE
4776-XSKYQ,No,No,TRUE
1809-DMJHQ,Yes,Yes,TRUE
0623-GDISB,No,Yes,FALSE
9574-RKJIF,Yes,No,FALSE
5044-LRQAQ,No,Yes,FALSE
5919-VCZYM,No,No,TRUE
4614-NUVZD,Yes,Yes,TRUE
4632-PAOYU,No,No,TRUE
6804-GDMOI,Yes,No,FALSE
7658-UYUQS,No,Yes,FALSE
8746-BFOAJ,No,No,TRUE
8838-GPHZP,No,No,TRUE
6339-DKLMK,No,Yes,FALSE
5087-SUURX,Yes,Yes,TRUE
5546-BYZSM,No,No,TRUE
1492-KGETH,No,No,TRUE
4163-HFTUK,No,No,TRUE
5271-YNWVR,Yes,No,FALSE
1998-VHJHK,No,No,TRUE
0487-VVUVK,No,No,TRUE
2308-STERM,No,No,TRUE
2877-VDUER,No,No,TRUE
1320-HTRDR,Yes,Yes,TRUE
6847-KJLTS,No,Yes,FALSE
3913-FCUUW,No,No,TRUE
0816-TSPHQ,No,No,TRUE
4391-RESHN,Yes,Yes,TRUE
2458-EOMRE,No,Yes,FALSE
6542-LWGXJ,No,Yes,FALSE
4423-JWZJN,No,No,TRUE
5510-BOIUJ,Yes,No,FALSE
7502-BNYGS,No,No,TRUE
6147-CBCRA,No,No,TRUE
7638-QVMVY,Yes,Yes,TRUE
2371-JQHZZ,No,Yes,FALSE
3244-DCJWY,Yes,Yes,TRUE
6469-QJKZW,No,No,TRUE
6260-XLACS,No,No,TRUE
3841-CONLJ,No,Yes,FALSE
5057-LCOUI,Yes,Yes,TRUE
4475-NVTLU,No,No,TRUE
5399-ZIMKF,No,Yes,FALSE
0983-TATYJ,No,No,TRUE
0654-HMSHN,Yes,Yes,TRUE
0795-XCCTE,No,No,TRUE
5602-BVFMK,No,No,TRUE
9840-DVNDC,Yes,Yes,TRUE
1089-XZWHH,No,No,TRUE
6064-ZATLR,No,No,TRUE
9648-BCHKM,No,No,TRUE
7167-PCEYD,No,No,TRUE
6408-WHTEF,No,No,TRUE
4199-QHJNM,No,No,TRUE
3580-GICBM,No,No,TRUE
1431-CYWMH,No,No,TRUE
5937-EORGB,No,Yes,FALSE
5539-HIVAK,No,No,TRUE
1116-FRYVH,No,No,TRUE
1183-CANVH,No,No,TRUE
6252-DFGTK,No,No,TRUE
4057-FKCZK,No,No,TRUE
1818-ESQMW,No,Yes,FALSE
0980-PVMRC,No,No,TRUE
7233-DRTRF,No,No,TRUE
3873-NFTGI,No,Yes,FALSE
1169-WCVAK,No,No,TRUE
3570-YUEKJ,No,Yes,FALSE
7854-EKTJL,Yes,No,FALSE
6754-LZUKA,No,No,TRUE
4361-JEIVL,Yes,Yes,TRUE
9507-EXLTT,Yes,Yes,TRUE
3161-GETRM,No,Yes,FALSE
6933-VLYFX,No,No,TRUE
4976-LNFVV,No,Yes,FALSE
9822-BIIGN,No,No,TRUE
2971-SGAFL,No,Yes,FALSE
9391-YZEJW,No,No,TRUE
9114-VEPUF,No,No,TRUE
9584-EXCDZ,No,Yes,FALSE
7969-AULMZ,Yes,Yes,TRUE
2621-UDNLU,No,No,TRUE
3410-MHHUM,No,No,TRUE
2968-SSGAA,Yes,Yes,TRUE
8909-BOLNL,No,No,TRUE
6131-JLWZM,No,No,TRUE
9693-XMUOB,No,No,TRUE
8277-RVRSV,No,No,TRUE
9943-VSZUV,No,Yes,FALSE
6172-FECYY,Yes,Yes,TRUE
1628-BIZYP,No,Yes,FALSE
0856-NAOES,No,Yes,FALSE
3099-OONVS,No,No,TRUE
6625-IUTTT,No,No,TRUE
1840-BIUOG,No,No,TRUE
9912-GVSEQ,Yes,Yes,TRUE
2931-FSOHN,No,Yes,FALSE
5383-MMTWC,Yes,Yes,TRUE
2908-ZTPNF,No,No,TRUE
6261-RCVNS,Yes,No,FALSE
2862-PFNIK,No,Yes,FALSE
7169-YWAMK,No,No,TRUE
2049-BAFNW,No,Yes,FALSE
4853-OITSN,No,Yes,FALSE
9800-OUIGR,No,No,TRUE
2324-EFHVG,No,No,TRUE
0780-XNZFN,No,No,TRUE
3721-CNZHX,No,No,TRUE
5271-DBYSJ,No,Yes,FALSE
8063-RJYNF,Yes,Yes,TRUE
3462-BJQQA,No,Yes,FALSE
1360-RCYRT,No,No,TRUE
2724-FJDYW,No,No,TRUE
6646-VRFOL,Yes,Yes,TRUE
5671-UUNXD,No,No,TRUE
8859-DZTGQ,No,No,TRUE
5025-GOOKI,No,No,TRUE
4896-CPRPF,No,No,TRUE
6595-YGXIT,Yes,Yes,TRUE
4750-UKWJK,No,No,TRUE
6338-AVWCY,Yes,Yes,TRUE
4487-ZYJZK,No,No,TRUE
7634-HLQJR,No,No,TRUE
9445-SZLCH,Yes,Yes,TRUE
0356-ERHVT,No,Yes,FALSE
0613-WUXUM,No,No,TRUE
8097-OMULG,No,No,TRUE
9691-HKOVS,No,No,TRUE
9881-VCZEP,No,Yes,FALSE
8757-TFHHJ,No,Yes,FALSE
8364-TRMMK,Yes,Yes,TRUE
9625-QNLUX,No,No,TRUE
7493-GVFIO,No,No,TRUE
7711-GQBZC,No,No,TRUE
9249-FXSCK,Yes,No,FALSE
4226-KKDON,No,No,TRUE
3831-YCPUO,No,No,TRUE
3308-DGHKL,No,No,TRUE
7337-CINUD,No,No,TRUE
9190-MFJLN,Yes,Yes,TRUE
5614-DNZCE,No,No,TRUE
3726-TBHQT,No,No,TRUE
5385-SUIRI,Yes,Yes,TRUE
5222-IMUKT,No,Yes,FALSE
3627-FCRDW,Yes,Yes,TRUE
6685-XSHHU,No,No,TRUE
6776-TLWOI,Yes,No,FALSE
9000-PLFUZ,No,No,TRUE
4077-CROMM,Yes,No,FALSE
1658-XUHBX,No,Yes,FALSE
1260-TTRXI,Yes,Yes,TRUE
4789-KWMXN,Yes,No,FALSE
0224-NIJLP,No,No,TRUE
4718-WXBGI,No,No,TRUE
5716-LIBJC,No,No,TRUE
0071-NDAFP,No,No,TRUE
8559-CIZFV,Yes,No,FALSE
6769-DYBQN,Yes,Yes,TRUE
8999-EXMNO,No,No,TRUE
0130-SXOUN,No,Yes,FALSE
2575-GFSOE,Yes,Yes,TRUE
1452-UZOSF,No,No,TRUE
6631-HMANX,No,No,TRUE
5995-LFTLE,No,No,TRUE
5188-HGMLP,No,Yes,FALSE
3544-FBCAS,No,No,TRUE
7823-JSOAG,No,Yes,FALSE
5066-GFJMM,No,No,TRUE
2661-GKBTK,No,No,TRUE
7268-WNTCP,No,No,TRUE
3278-FSIXX,No,Yes,FALSE
0625-AFOHS,No,No,TRUE
4685-ERGHK,No,No,TRUE
4012-ZTHBR,No,No,TRUE
2812-ENYMO,No,No,TRUE
6615-ZGEDR,Yes,No,FALSE
7033-CLAMM,No,No,TRUE
0864-FVJNJ,No,No,TRUE
7872-RDDLZ,No,Yes,FALSE
0186-CAERR,No,No,TRUE
5872-OEQNH,No,No,TRUE
5696-JVVQY,No,No,TRUE
1577-HKTFG,Yes,No,FALSE
9921-QFQUL,No,Yes,FALSE
1929-ZCBHE,No,No,TRUE
8651-ENBZX,Yes,No,FALSE
2696-ECXKC,No,No,TRUE
3384-CTMSF,No,Yes,FALSE
9661-MHUMO,Yes,Yes,TRUE
1842-EZJMK,Yes,No,FALSE
8079-XRJRS,Yes,No,FALSE
2845-KDHVX,No,No,TRUE
0848-SOMKO,No,No,TRUE
6734-FQAJX,No,No,TRUE
0943-ZQPXH,No,Yes,FALSE
0637-UBJRP,Yes,Yes,TRUE
8608-OZTLB,No,No,TRUE
9853-JFZDU,No,No,TRUE
3466-RITXD,No,Yes,FALSE
8510-TMWYB,No,No,TRUE
3258-ZKPAI,No,No,TRUE
5298-GSTLM,No,No,TRUE
3653-NCRDJ,No,No,TRUE
3472-QPRCH,No,No,TRUE
2486-WYVVE,No,No,TRUE
0480-KYJVA,No,No,TRUE
6332-FBZRI,No,No,TRUE
3551-HUAZH,Yes,Yes,TRUE
9137-UIYPG,No,No,TRUE
5084-OOVCJ,No,No,TRUE
5339-PXDVH,No,Yes,FALSE
4609-KNNWG,No,No,TRUE
2669-QVCRG,No,Yes,FALSE
3256-EZDBI,No,Yes,FALSE
8164-OCKUJ,No,No,TRUE
7196-LIWRH,No,No,TRUE
5448-VWNAM,No,No,TRUE
3518-FSTWG,No,No,TRUE
9389-ACWBI,No,Yes,FALSE
2100-BDNSN,Yes,No,FALSE
3985-HOYPM,No,No,TRUE
7254-IQWOZ,Yes,Yes,TRUE
4753-PADAS,No,No,TRUE
0572-ZJKLT,No,No,TRUE
5135-RDDQL,No,No,TRUE
1794-SWWKL,No,No,TRUE
9332-GYWLO,No,Yes,FALSE
7233-IOQNP,No,No,TRUE
3190-XFANI,Yes,No,FALSE
4923-ADWXJ,No,No,TRUE
1444-VVSGW,Yes,No,FALSE
9828-QHFBK,No,No,TRUE
3908-MKIMJ,No,No,TRUE
5909-ECHUI,Yes,Yes,TRUE
4891-NLUBA,No,No,TRUE
4488-PSYCG,Yes,No,FALSE
3621-CEOVK,Yes,Yes,TRUE
6215-NQCPY,No,Yes,FALSE
1094-BKOSX,No,No,TRUE
9558-IHEZX,No,No,TRUE
9617-UDPEU,No,No,TRUE
4955-VCWBI,No,No,TRUE
3118-UHVVQ,No,No,TRUE
8317-BVKSO,No,No,TRUE
6169-PGNCD,No,No,TRUE
2257-BOVXD,No,No,TRUE
1000-AJSLD,Yes,No,FALSE
8404-FYDIB,No,Yes,FALSE
2791-SFVEW,No,No,TRUE
6762-NSODU,No,No,TRUE
3398-FSHON,Yes,Yes,TRUE
1226-IENZN,No,Yes,FALSE
1465-VINDH,Yes,Yes,TRUE
4816-OKWNX,No,No,TRUE
8006-PYCSW,No,No,TRUE
1925-TIBLE,Yes,Yes,TRUE
1705-GUHPV,No,No,TRUE
0048-PIHNL,No,No,TRUE
3704-IEAXF,No,No,TRUE
0822-QGCXA,No,Yes,FALSE
4075-WKNIU,No,No,TRUE
4186-ZBUEW,No,No,TRUE
1389-CXMLU,Yes,Yes,TRUE
5161-XEUVX,No,No,TRUE
8292-FRFZQ,No,No,TRUE
7895-VONWT,No,Yes,FALSE
8080-POTJR,No,No,TRUE
2027-CWDNU,No,Yes,FALSE
7878-RTCZG,No,No,TRUE
3545-CNWRG,No,No,TRUE
3768-NLUBH,Yes,Yes,TRUE
0685-MLYYM,Yes,Yes,TRUE
0749-IRGQE,No,Yes,FALSE
2256-YLYLP,No,No,TRUE
4011-ARPHK,No,No,TRUE
3590-TCXTB,No,No,TRUE
1960-UOTYM,No,No,TRUE
5245-VDBUR,No,No,TRUE
4114-QMKVN,No,No,TRUE
9863-JZAIC,Yes,Yes,TRUE
7471-MQPOS,No,No,TRUE
5115-SQAAU,No,No,TRUE
9916-AYHTC,No,No,TRUE
0970-QXPXW,No,No,TRUE
5893-KCLGT,No,No,TRUE
9867-XOBQA,No,No,TRUE
7839-QRKXN,Yes,No,FALSE
7562-UXTPG,No,Yes,FALSE
8071-SBTRN,No,No,TRUE
6668-CNMFP,No,No,TRUE
4323-OHFOW,No,No,TRUE
7758-XKCBS,Yes,No,FALSE
2267-WTPYD,No,Yes,FALSE
3005-NFMTA,Yes,Yes,TRUE
5022-KVDQT,No,Yes,FALSE
3635-JBPSG,No,No,TRUE
7964-ZRKKG,No,No,TRUE
6229-LSCKB,No,Yes,FALSE
8217-QYOHV,No,No,TRUE
6618-RYATB,Yes,Yes,TRUE
0531-XBKMM,No,No,TRUE
8738-JOKAR,No,No,TRUE
6692-UDPJC,Yes,Yes,TRUE
3452-SRFEG,No,Yes,FALSE
4070-OKWVH,No,Yes,FALSE
6369-MCAKO,No,No,TRUE
4501-EQDRN,Yes,Yes,TRUE
8065-QBYTO,No,No,TRUE
7234-FECYN,Yes,Yes,TRUE
7853-OETYL,No,No,TRUE
2363-BJLSL,No,No,TRUE
9945-PSVIP,No,No,TRUE
1041-RXHRA,Yes,Yes,TRUE
9108-EJFJP,No,No,TRUE
8213-TAZPM,No,No,TRUE
8267-ZNYVZ,Yes,No,FALSE
9398-MMQTO,No,Yes,FALSE
4710-NKCAW,No,No,TRUE
6502-MJQAE,Yes,Yes,TRUE
3454-JFUBC,No,No,TRUE
0032-PGELS,Yes,No,FALSE
6797-LNAQX,Yes,No,FALSE
3648-GZPHF,No,No,TRUE
9364-YKUVW,No,No,TRUE
3078-ZKNTS,No,No,TRUE
9547-ITEFG,No,Yes,FALSE
4745-LSPLO,Yes,No,FALSE
6439-PKTRR,No,No,TRUE
5351-QESIO,No,Yes,FALSE
5568-DMXZS,No,No,TRUE
6967-PEJLL,No,No,TRUE
0376-OIWME,No,Yes,FALSE
0804-YGEQV,No,No,TRUE
2108-XWMPY,Yes,No,FALSE
9347-AERRL,No,No,TRUE
9053-EJUNL,No,Yes,FALSE
0666-UXTJO,No,Yes,FALSE
4807-IZYOZ,No,No,TRUE
1699-HPSBG,Yes,No,FALSE
8775-CEBBJ,Yes,Yes,TRUE
0871-OPBXW,No,No,TRUE
8456-QDAVC,No,Yes,FALSE
8361-LTMKD,Yes,Yes,TRUE
